{
  "evidence_policy": "same-machine panels remain separate; no cross-panel composite score or unmatched timing is used",
  "fused_subset": {
    "all_exact": true,
    "cell_count": 8,
    "fit_geomean_ratio": 0.534826100570808,
    "fit_iqr_over_median_max": 0.20851957717476982,
    "fit_ratio_max": 0.5639263754642114,
    "fit_ratio_min": 0.5109866877172771,
    "prior_frozen_decision": "restore_full_lane_only_dispatch",
    "scope": "5,241-row x 15-feature basketball workload; selected rows, features, and both; unit and variable Hessians; 18 threads",
    "tier_e_dispatch_shipped": true,
    "tree_build_geomean_ratio": 0.5265432416506726,
    "tree_build_iqr_over_median_max": 0.20601401871596023,
    "tree_build_ratio_max": 0.5521419803379135,
    "tree_build_ratio_min": 0.502885541484551
  },
  "general_pareto": {
    "baseline": "CatBoost 1.2.10",
    "decision": "descriptive_only",
    "rows": [
      {
        "engine": "DarkoFit 0.9.0",
        "fit_time_ratio": 0.3728788616412098,
        "incremental_memory_ratio": 0.15257315392671877,
        "pareto": true,
        "predict_time_ratio": 1.2561272572686548,
        "test_rmse_ratio": 1.053834301478093
      },
      {
        "engine": "ChimeraBoost 0.14.1",
        "fit_time_ratio": 0.4100799608204249,
        "incremental_memory_ratio": 0.2695816467778202,
        "pareto": true,
        "predict_time_ratio": 0.876458946068471,
        "test_rmse_ratio": 1.0407999807559591
      },
      {
        "engine": "CatBoost 1.2.10",
        "fit_time_ratio": 1.0,
        "incremental_memory_ratio": 1.0,
        "pareto": true,
        "predict_time_ratio": 1.0,
        "test_rmse_ratio": 1.0
      }
    ],
    "scope": "13 TabArena regression datasets, r0f0/r1f1/r2f2"
  },
  "large_n": {
    "certified": false,
    "decision": "do_not_claim_large_n_engine_advantage",
    "fit_ratio": 0.7816785029298103,
    "fit_speedup": 1.2792983256567738,
    "rmse_ratio_max": 1.0008479649149764,
    "rmse_ratio_min": 0.9999847468806878,
    "scope": "matched numeric core at 500k and 1M training rows",
    "sizes": [
      {
        "fit_iqr_over_median": 0.03820956155027647,
        "fit_q1_ratio": 0.7927356425774221,
        "fit_q3_ratio": 0.8234491367654191,
        "fit_ratio": 0.8038169751721406,
        "peak_rss_ratio": 0.8431843267108168,
        "rmse_ratio": 0.9999847468806878,
        "rows": 500000
      },
      {
        "fit_iqr_over_median": 0.012935905783775573,
        "fit_q1_ratio": 0.7532492471542769,
        "fit_q3_ratio": 0.7630824728502115,
        "fit_ratio": 0.7601497614699376,
        "peak_rss_ratio": 0.7128915115751249,
        "rmse_ratio": 1.0008479649149764,
        "rows": 1000000
      }
    ]
  },
  "native_ordinal_c2": {
    "candidate_over_default_fit": 1.0081928719378834,
    "candidate_over_default_predict": 1.0407106835311493,
    "candidate_over_default_rmse": 0.9927548385779557,
    "confirmation_run": false,
    "decision": "close_native_ordinal_c2_development",
    "scope": "native-ordinal C2 development panel"
  },
  "prediction": {
    "case_count": 8,
    "cases": [
      {
        "input": "basketball numeric",
        "iqr_over_median": 0.1055551920218133,
        "median_ratio": 0.8046490653412373,
        "q1_ratio": 0.7466240676709317,
        "q3_ratio": 0.8315589542731986,
        "rows": 8192,
        "stable": false
      },
      {
        "input": "basketball numeric",
        "iqr_over_median": 0.03263427411275622,
        "median_ratio": 0.9580474722212766,
        "q1_ratio": 0.9448864795781315,
        "q3_ratio": 0.9761516633996339,
        "rows": 65536,
        "stable": true
      },
      {
        "input": "basketball numeric",
        "iqr_over_median": 0.10031983603989816,
        "median_ratio": 0.9181894391098898,
        "q1_ratio": 0.8328551258520114,
        "q3_ratio": 0.9249677398370816,
        "rows": 524288,
        "stable": false
      },
      {
        "input": "basketball numeric",
        "iqr_over_median": 0.058716031655318926,
        "median_ratio": 0.8692908293329555,
        "q1_ratio": 0.8595138810394882,
        "q3_ratio": 0.9105551888922805,
        "rows": 2000000,
        "stable": true
      },
      {
        "input": "synthetic mixed",
        "iqr_over_median": 0.03529123656018983,
        "median_ratio": 0.8854262254767229,
        "q1_ratio": 0.8676523562476182,
        "q3_ratio": 0.8989001426275132,
        "rows": 8192,
        "stable": true
      },
      {
        "input": "synthetic mixed",
        "iqr_over_median": 0.04656187331130131,
        "median_ratio": 0.9465610486922832,
        "q1_ratio": 0.9281206916596259,
        "q3_ratio": 0.9721943472902485,
        "rows": 65536,
        "stable": true
      },
      {
        "input": "synthetic mixed",
        "iqr_over_median": 0.014591102674176633,
        "median_ratio": 0.9869563682000011,
        "q1_ratio": 0.9738943926076418,
        "q3_ratio": 0.9882951743109805,
        "rows": 524288,
        "stable": true
      },
      {
        "input": "synthetic mixed",
        "iqr_over_median": 0.01259046161093136,
        "median_ratio": 0.9836415043263472,
        "q1_ratio": 0.9799469616450136,
        "q3_ratio": 0.9923314622441533,
        "rows": 2000000,
        "stable": true
      }
    ],
    "certified": false,
    "decision": "p2_target_remains_open",
    "legacy_counter_name_is_ambiguous": true,
    "median_at_or_below_chimera_count": 8,
    "median_ratio_max": 0.9869563682000011,
    "median_ratio_min": 0.8046490653412373,
    "scope": "eight numeric/mixed public prediction cases",
    "stable_and_at_or_below_chimera_count": 6
  },
  "release_conclusion": "Ship exact Tier-E engine work, opt-in product surfaces, and descriptive measurements; do not promote a Tier-D quality default without fresh preregistered confirmation.",
  "schema_version": 1,
  "sources": {
    "fused_subset": {
      "path": "benchmarks/fused_subset_oblivious.json",
      "sha256": "ed45820d74733ebcc6fca3ed1524a49eb9d73ae7ef22925bec41e7dea22d9d01"
    },
    "general_panel": {
      "path": "benchmarks/tabarena_regression_same_machine_summary.json",
      "sha256": "ca23618bdc3d9e0ab38557e7738c66e95827945ad34e3eb63005f253c92ccf01"
    },
    "large_n": {
      "path": "benchmarks/large_n_engine.json",
      "sha256": "ac9e6e9f136117b7b1db7488b38f660561195f86b29ae2f87868a5d293c62508"
    },
    "native_ordinal_c2": {
      "path": "benchmarks/native_ordinal_c2_development_result.json",
      "sha256": "7aeb83131bb7604a3eaabc2789f048d40dabb58791b6ab6aad0ac26f0f0f566f"
    },
    "prediction": {
      "path": "benchmarks/predict_throughput_integrated.json",
      "sha256": "5ec81511e3026f5efadd8623228920da8d154a2f99719ca8f4116cd2c5b3653b"
    },
    "sports_panel": {
      "path": "benchmarks/basketball_sports_panel_result.json",
      "sha256": "4f20aed49ef0936a9442111b106aa5004b342c1924837a53c46e8010b2ae7189"
    }
  },
  "sports_pareto": {
    "baseline": "ChimeraBoost 0.15.0",
    "decision": "close_random_strength_0_5_without_s4_confirmation",
    "rows": [
      {
        "cold_player_r2": 0.7937287047246449,
        "engine": "DarkoFit 0.9.0",
        "equal_cell_r2": 0.7865685115299594,
        "fit_time_ratio": 5.923420642690842,
        "pareto": false,
        "predict_time_ratio": 1.4784410237659251
      },
      {
        "cold_player_r2": 0.7872895544951378,
        "engine": "ChimeraBoost 0.15.0",
        "equal_cell_r2": 0.7619229577245255,
        "fit_time_ratio": 1.0,
        "pareto": true,
        "predict_time_ratio": 1.0
      },
      {
        "cold_player_r2": 0.8167254690652918,
        "engine": "CatBoost 1.2.10",
        "equal_cell_r2": 0.8032719224364084,
        "fit_time_ratio": 2.3450505028104427,
        "pareto": true,
        "predict_time_ratio": 1.0125052075485381
      }
    ],
    "scope": "nine target-season basketball cells plus cold-player guardrail"
  }
}
