probe,dtype,n_reps,mean_seconds,median_seconds,min_seconds,max_seconds,n_features,n_samples,max_bins
build_oblivious_tree,uint8,80,0.0009098437623833889,0.0008306460003950633,0.000779125010012649,0.0014636249979957938,40,6000,129
build_oblivious_tree,uint16,80,0.0009407744741110946,0.000829625001642853,0.0007971249870024621,0.0015125000063562766,40,6000,129
histogram_direct,uint8,360,8.177188044808443e-05,6.766649312339723e-05,6.104199565015733e-05,0.0004547499993350357,40,6000,129
best_split_direct,uint8,360,6.594153884280887e-05,4.7396002628374845e-05,7.166003342717886e-06,0.00026258300931658596,40,6000,129
histogram_direct,uint16,360,8.034350301184329e-05,6.989550456637517e-05,6.195800960995257e-05,0.0001819580065784976,40,6000,129
best_split_direct,uint16,360,6.589247495867312e-05,4.70000013592653e-05,7.708003977313638e-06,0.0002487079909769818,40,6000,129
