{
  "all_shapes_faster": true,
  "behavior_exact": true,
  "category_cardinalities": {
    "band": 8,
    "grade": 16,
    "tier": 4
  },
  "environment": {
    "machine": "arm64",
    "platform": "macOS-26.5.2-arm64-arm-64bit",
    "processor": "arm",
    "python": "3.12.7"
  },
  "equal_shape_geomean_ratio": 0.48073723552631287,
  "rows": [
    {
      "fast_median_seconds": 0.000306875,
      "fast_over_generic_ratio": 0.5421556373144414,
      "fast_seconds": [
        0.00031259,
        0.0003087275,
        0.00030807418,
        0.0003049725,
        0.00030494082,
        0.000306875,
        0.00030600082,
        0.00029790666,
        0.00031471582,
        0.00030971332,
        0.00031479418,
        0.00030595418,
        0.00030340082000000003,
        0.00030710082,
        0.00030681666
      ],
      "generic_median_seconds": 0.0005660275,
      "generic_seconds": [
        0.00058633084,
        0.0005660275,
        0.00056799084,
        0.0005604266799999999,
        0.000570545,
        0.0005588658400000001,
        0.0005555149999999999,
        0.00053988666,
        0.00057645584,
        0.00060176584,
        0.0005655291600000001,
        0.00056959418,
        0.00057660334,
        0.00055336,
        0.00054912584
      ],
      "inner_loops": 50,
      "n_rows": 128,
      "predictions_bit_exact": true,
      "repeats": 15
    },
    {
      "fast_median_seconds": 0.001318725,
      "fast_over_generic_ratio": 0.4607422676810467,
      "fast_seconds": [
        0.0013465416,
        0.0012823584,
        0.0013065668000000002,
        0.0013717666,
        0.001336975,
        0.0013358,
        0.0013133749999999999,
        0.001318725,
        0.001290275,
        0.001284825,
        0.0012827834,
        0.0013434666,
        0.001301425,
        0.0013538168,
        0.0013299166
      ],
      "generic_median_seconds": 0.0028621750000000002,
      "generic_seconds": [
        0.0028621750000000002,
        0.0028456168,
        0.0028230084,
        0.003040825,
        0.0028888081999999997,
        0.0031394166,
        0.0028538332,
        0.0028662666,
        0.0027784082,
        0.0028363916,
        0.0027853584,
        0.0029976831999999998,
        0.0027846249999999998,
        0.0029047,
        0.0029175918
      ],
      "inner_loops": 5,
      "n_rows": 4096,
      "predictions_bit_exact": true,
      "repeats": 15
    },
    {
      "fast_median_seconds": 0.017344833,
      "fast_over_generic_ratio": 0.4447759047661127,
      "fast_seconds": [
        0.017271166,
        0.016889125,
        0.017480958,
        0.017066958,
        0.01719475,
        0.017353833,
        0.017256334,
        0.017248625,
        0.017642708,
        0.017669208,
        0.017307125,
        0.017506958,
        0.017709334,
        0.017570333,
        0.017344833
      ],
      "generic_median_seconds": 0.038996791,
      "generic_seconds": [
        0.038403625,
        0.038450333,
        0.039401584,
        0.038754917,
        0.039600417,
        0.038996791,
        0.039503125,
        0.038601958,
        0.039671708,
        0.039600333,
        0.038914625,
        0.039660166,
        0.038791167,
        0.038564416,
        0.039215583
      ],
      "inner_loops": 1,
      "n_rows": 65536,
      "predictions_bit_exact": true,
      "repeats": 15
    }
  ],
  "schema_version": 1,
  "seed": 20260723,
  "sizes": [
    128,
    4096,
    65536
  ],
  "source_sha": "7738b0af27daa9d79ad7f7e833e029d58600ac99"
}
