dataset,model,weight_mode,seed,n_train,n_test,n_features,status,reason,fit_seconds,predict_seconds,best_iteration,rmse_mu,nll,crps,interval90_coverage,interval90_width,cov90_by_sigma,sigma_mean,sigma_min,sigma_max
synthetic_100k,chimera_gaussian_es_calibrated,none,0,100000,25000,6,ok,,6.128451208933257,0.06665329192765057,220,0.7352662635031991,0.9954255328450374,0.39281925381108274,0.9,2.298895475279595,0.902/0.899/0.902/0.897/0.900,0.6988146050236418,0.23041281226219615,1.5895422027104056
synthetic_100k,chimera_gaussian_es_calibrated,none,1,100000,25000,6,ok,,5.1015283750602975,0.08505791705101728,195,0.7280148985009088,0.9856679574728164,0.3891202605427061,0.90028,2.2852082985965394,0.897/0.900/0.899/0.907/0.899,0.694653998736618,0.23276330174797924,1.7287041389655484
synthetic_100k,chimera_gaussian_es_calibrated,none,2,100000,25000,6,ok,,6.19717816694174,0.0786712080007419,257,0.7281471484363624,0.9890876818838672,0.38993066075436744,0.89588,2.246936762032823,0.892/0.891/0.898/0.897/0.900,0.683020277675782,0.2169924943733754,1.684130231080476
synthetic_500k,chimera_gaussian_es_calibrated,none,0,500000,100000,6,ok,,15.688429666915908,0.3690832909196615,380,0.7259361825258375,0.980425999138158,0.38793293727683364,0.89808,2.253200314140546,0.899/0.902/0.894/0.894/0.901,0.6849242623237446,0.22784403594738872,1.7751600329932498
synthetic_500k,chimera_gaussian_es_calibrated,none,1,500000,100000,6,ok,,15.025322665926069,0.2960420830640942,353,0.7269432670879536,0.9815456089873171,0.38838393445395936,0.89952,2.2700824867931604,0.901/0.897/0.896/0.901/0.903,0.69005607842458,0.21399056145563788,1.523734293942235
synthetic_500k,chimera_gaussian_es_calibrated,none,2,500000,100000,6,ok,,15.533844167017378,0.2557661250466481,378,0.7302869630217103,0.9858428657062411,0.38998397446390654,0.89955,2.2771621339763173,0.902/0.897/0.895/0.900/0.903,0.6922081383608427,0.2146945348751962,1.7436918171781102
