{"attribution_id":"group-centered-categorical-crosses-v1-attribution-20260723","complete":true,"launch_sha256":"4f024f8bf0fce8e5378e37602f18c5995146c7f83558990821ac16bd7c28a2df","rows":[{"arms":{"automatic":{"ambient_thread_restored":true,"arm":"automatic","fit_seconds":5.357570916006807,"fitted_pairs":[[7,3],[7,2],[7,1],[0,3],[0,2],[0,1],[8,3],[8,2],[8,1],[6,3],[6,2],[6,1]],"prediction_sha256":"3916cc29dd83cee36776233f1958afb8821c933a7cb441f9572436e66b990df4","resolved_threads":14,"rmse":549.3917686228959,"selector":{"augmented_validation_rmse":516.0747334270441,"control_validation_rmse":664.1991526149606,"eligible":true,"final_pairs":[[7,3],[7,2],[7,1],[0,3],[0,2],[0,1],[8,3],[8,2],[8,1],[6,3],[6,2],[6,1]],"final_preprocessing":{"category_counts":[8,7,5,8,7,5,8,7,5,8,7,5],"global_means":[5.732135428253616,5.732135428253616,5.732135428253616,0.7961832591768632,0.7961832591768632,0.7961832591768632,3.5375022246941046,3.5375022246941046,3.5375022246941046,5.7283882091212455,5.7283882091212455,5.7283882091212455],"means_sha256":"fe31b6772a2ee4df7781cc954d4c9b4d6dff3b49565b34ceda6abfc3cd11a023","pair_count":12,"pairs":[[7,3],[7,2],[7,1],[0,3],[0,2],[0,1],[8,3],[8,2],[8,1],[6,3],[6,2],[6,1]]},"fit_random_state_seed":0,"pairs":[[7,3],[7,2],[7,1],[0,3],[0,2],[0,1],[8,3],[8,2],[8,1],[6,3],[6,2],[6,1]],"reason":"selected_augmented","relative_validation_improvement":0.22301205685786973,"selected":true,"selection_fits":[{"best_n_estimators":624,"fit_seconds":2.0344105,"name":"control","validation_rmse":664.1991526149606},{"best_n_estimators":751,"fit_seconds":1.157957958,"name":"augmented","validation_rmse":516.0747334270441}],"selection_total_seconds":3.192917583,"split":{"group_disjoint":null,"policy":"weighted_target_stratified","rows_disjoint":true,"sample_weight_provided":false,"source":"automatic_holdout","train_positions_sha256":"187c0eca1f45359268b79492fa0f2dc0b0e5f8364878c278085ce1838b9707e7","train_rows":30566,"validation_positions_sha256":"4a6865adb1b851a3ea499d9f1ce61e35314d9437b1f4e37d8f189b71fa959d88","validation_rows":5394},"version":1},"tree_count":1000},"constant":{"ambient_thread_restored":true,"arm":"constant","fit_seconds":1.7241292910184711,"fitted_pairs":[],"prediction_sha256":"56b686de9890a4681c5cd379e72c486a6a4f4c0a4e6de44abc7ec66c74b9f643","resolved_threads":14,"rmse":769.7581424058903,"selector":null,"tree_count":1000},"forced":{"ambient_thread_restored":true,"arm":"forced","fit_seconds":2.052127958042547,"fitted_pairs":[[7,3],[7,2],[7,1],[0,3],[0,2],[0,1],[8,3],[8,2],[8,1],[6,3],[6,2],[6,1]],"prediction_sha256":"3916cc29dd83cee36776233f1958afb8821c933a7cb441f9572436e66b990df4","resolved_threads":14,"rmse":549.3917686228959,"selector":null,"tree_count":1000}},"attribution_id":"group-centered-categorical-crosses-v1-attribution-20260723","categorical_features":["cut","color","clarity"],"coordinate":0,"dataset":"diamonds","feature_count":9,"fold":0,"forced_pair_source":"automatic_selector","repeat":0,"schema_version":1,"seed":0,"source":{"clean":true,"head":"c3f2608cd3033cfc00aa0737897a92ed868b5865","path":"/private/tmp/darkofit-catcross-v1-20260722","status":[],"tree":"baab0a10dc5e482813051f9b57ef3f5fe7087831"},"status":"ok","task_id":363631,"test_index_sha256":"c9c6e6c9cd822cc26a047751483bb2ed319541411f6fd80c3c52a3a1aedc8485","test_rows":17980,"train_index_sha256":"f820107fa5d6af938d776def7604e11c6923738e912fdc1a7827dfa8ce1a3bd6","train_rows":35960},{"arms":{"automatic":{"ambient_thread_restored":true,"arm":"automatic","fit_seconds":4.328841749986168,"fitted_pairs":[[7,3],[7,2],[7,1],[0,3],[0,2],[0,1],[8,3],[8,2],[8,1],[6,3],[6,2],[6,1]],"prediction_sha256":"86eed2ae5d994638965e5db83c960282d00fbecee7eb5a2e1c684e523f2c6f01","resolved_threads":14,"rmse":521.9596115036884,"selector":{"augmented_validation_rmse":582.5332417882075,"control_validation_rmse":888.997552931734,"eligible":true,"final_pairs":[[7,3],[7,2],[7,1],[0,3],[0,2],[0,1],[8,3],[8,2],[8,1],[6,3],[6,2],[6,1]],"final_preprocessing":{"category_counts":[8,7,5,8,7,5,8,7,5,8,7,5],"global_means":[5.733760845383759,5.733760845383759,5.733760845383759,0.7983698553948833,0.7983698553948833,0.7983698553948833,3.539396829810901,3.539396829810901,3.539396829810901,5.731776418242491,5.731776418242491,5.731776418242491],"means_sha256":"d9530b5c134ab10ce137bf6d551dedd980e1f241d3a39a88870c4174b6568e49","pair_count":12,"pairs":[[7,3],[7,2],[7,1],[0,3],[0,2],[0,1],[8,3],[8,2],[8,1],[6,3],[6,2],[6,1]]},"fit_random_state_seed":1001,"pairs":[[7,3],[7,2],[7,1],[0,3],[0,2],[0,1],[8,3],[8,2],[8,1],[6,3],[6,2],[6,1]],"reason":"selected_augmented","relative_validation_improvement":0.34473020778613983,"selected":true,"selection_fits":[{"best_n_estimators":199,"fit_seconds":0.400886417,"name":"control","validation_rmse":888.997552931734},{"best_n_estimators":991,"fit_seconds":1.546548916,"name":"augmented","validation_rmse":582.5332417882075}],"selection_total_seconds":1.947960833,"split":{"group_disjoint":null,"policy":"weighted_target_stratified","rows_disjoint":true,"sample_weight_provided":false,"source":"automatic_holdout","train_positions_sha256":"80abeb12e5e2db4617d9ff5270f9e9aa045e520410e66f4faca7a16793f700de","train_rows":30566,"validation_positions_sha256":"b674ab7c8651c9859631636ac83593f10cbb0a29a40bc9c1e784fa389935fd4d","validation_rows":5394},"version":1},"tree_count":1000},"constant":{"ambient_thread_restored":true,"arm":"constant","fit_seconds":1.7457465829793364,"fitted_pairs":[],"prediction_sha256":"b9b7874caba2ec92913e82499ac3b338293d45de345376136b620199fef059d8","resolved_threads":14,"rmse":719.0205462295123,"selector":null,"tree_count":1000},"forced":{"ambient_thread_restored":true,"arm":"forced","fit_seconds":2.1143734580255114,"fitted_pairs":[[7,3],[7,2],[7,1],[0,3],[0,2],[0,1],[8,3],[8,2],[8,1],[6,3],[6,2],[6,1]],"prediction_sha256":"86eed2ae5d994638965e5db83c960282d00fbecee7eb5a2e1c684e523f2c6f01","resolved_threads":14,"rmse":521.9596115036884,"selector":null,"tree_count":1000}},"attribution_id":"group-centered-categorical-crosses-v1-attribution-20260723","categorical_features":["cut","color","clarity"],"coordinate":1,"dataset":"diamonds","feature_count":9,"fold":1,"forced_pair_source":"automatic_selector","repeat":1,"schema_version":1,"seed":1001,"source":{"clean":true,"head":"c3f2608cd3033cfc00aa0737897a92ed868b5865","path":"/private/tmp/darkofit-catcross-v1-20260722","status":[],"tree":"baab0a10dc5e482813051f9b57ef3f5fe7087831"},"status":"ok","task_id":363631,"test_index_sha256":"1d541f144e361207fda02608aa940b4c0d040178fc47a9d4be03b4e4a72bdfe1","test_rows":17980,"train_index_sha256":"a041ee38c282a1ec9503db3fb6209fcc6ee4a07e231cae607f83673a5e58778d","train_rows":35960},{"arms":{"automatic":{"ambient_thread_restored":true,"arm":"automatic","fit_seconds":3.3587481660069898,"fitted_pairs":[[7,3],[7,2],[7,1],[0,3],[0,2],[0,1],[8,3],[8,2],[8,1],[6,3],[6,2],[6,1]],"prediction_sha256":"20d801ddf0c94c37e2ccf0d505231094155f9bcf194bce9b767794a1923a5d65","resolved_threads":14,"rmse":556.8573633157519,"selector":{"augmented_validation_rmse":551.6064571712955,"control_validation_rmse":600.3630118896556,"eligible":true,"final_pairs":[[7,3],[7,2],[7,1],[0,3],[0,2],[0,1],[8,3],[8,2],[8,1],[6,3],[6,2],[6,1]],"final_preprocessing":{"category_counts":[8,7,5,8,7,5,8,7,5,8,7,5],"global_means":[5.735036429365962,5.735036429365962,5.735036429365962,0.7972686318131258,0.7972686318131258,0.7972686318131258,3.5392119021134594,3.5392119021134594,3.5392119021134594,5.731139877641824,5.731139877641824,5.731139877641824],"means_sha256":"eb13053cc7ef18f183c1bdc842b3957355a8fa26a2d7fb76acffabb423c81abb","pair_count":12,"pairs":[[7,3],[7,2],[7,1],[0,3],[0,2],[0,1],[8,3],[8,2],[8,1],[6,3],[6,2],[6,1]]},"fit_random_state_seed":2002,"pairs":[[7,3],[7,2],[7,1],[0,3],[0,2],[0,1],[8,3],[8,2],[8,1],[6,3],[6,2],[6,1]],"reason":"selected_augmented","relative_validation_improvement":0.08121178978847782,"selected":true,"selection_fits":[{"best_n_estimators":442,"fit_seconds":0.669350667,"name":"control",