n_rows,n_features,n_bins,depth,repeat,direct_seconds,subtract_seconds,subtract_vs_direct,same_tree,max_prediction_diff,direct_depth,subtract_depth
50000,12,128,6,5,0.018423834000714123,0.024536332999559818,1.3317712805385007,True,0.0,6,6
50000,40,128,6,5,0.02942141600215109,0.02580054200006998,0.8769306684009914,True,0.0,6,6
250000,12,128,6,5,0.0417091250019439,0.060473208999610506,1.449879588622204,False,0.01044112481561735,6,6
250000,40,128,6,5,0.08861720799905015,0.09599591699952725,1.0832649681375224,True,0.0,6,6
