{
  "aggregation": {
    "bootstrap_draws": 10000,
    "bootstrap_seed": 20260722,
    "coordinates_per_dataset": 3,
    "datasets_fixed_and_equally_weighted": true,
    "independent_dataset_claim": false
  },
  "campaign": "darkofit_v011_m2_broad_panel_v3_20260722",
  "comparisons": [
    {
      "contrast": "D/M",
      "datasets": 13,
      "denominator_engine": "chimeraboost",
      "head_to_head": {
        "coordinate_quality": {
          "losses": 25,
          "ties": 0,
          "win_rate_excluding_ties": 0.358974358974359,
          "win_share_with_half_ties": 0.358974358974359,
          "wins": 14
        },
        "descriptive_only": true,
        "equal_dataset_quality": {
          "losses": 7,
          "ties": 0,
          "win_rate_excluding_ties": 0.46153846153846156,
          "win_share_with_half_ties": 0.46153846153846156,
          "wins": 6
        }
      },
      "metrics": {
        "incremental_memory_bytes": {
          "available": true,
          "bootstrap_ratio": {
            "draws": 10000,
            "median": 0.8422678345404565,
            "p025": 0.818425982110837,
            "p975": 0.867091089081737
          },
          "pct": -15.753977014528775,
          "ratio": 0.8424602298547123
        },
        "infer_time_s": {
          "available": true,
          "bootstrap_ratio": {
            "draws": 10000,
            "median": 1.3167218045308848,
            "p025": 1.2675709528659986,
            "p975": 1.3665552377262715
          },
          "pct": 31.659097609827924,
          "ratio": 1.3165909760982792
        },
        "peak_memory_bytes": {
          "available": true,
          "bootstrap_ratio": {
            "draws": 10000,
            "median": 0.9623744380063071,
            "p025": 0.9515327510059373,
            "p975": 0.9750904401978813
          },
          "pct": -3.733549671524483,
          "ratio": 0.9626645032847552
        },
        "test_rmse": {
          "available": true,
          "bootstrap_ratio": {
            "draws": 10000,
            "median": 1.017357453327942,
            "p025": 1.0134941682407752,
            "p975": 1.0215582512039991
          },
          "pct": 1.7433029950486123,
          "ratio": 1.0174330299504861
        },
        "train_time_s": {
          "available": true,
          "bootstrap_ratio": {
            "draws": 10000,
            "median": 0.8121883129396011,
            "p025": 0.7789065972035313,
            "p975": 0.8483061737579233
          },
          "pct": -18.738015396224593,
          "ratio": 0.8126198460377541
        },
        "val_rmse": {
          "available": true,
          "bootstrap_ratio": {
            "draws": 10000,
            "median": 1.0161624879940565,
            "p025": 1.0125438482556253,
            "p975": 1.020526780586029
          },
          "pct": 1.6281831335792196,
          "ratio": 1.0162818313357922
        }
      },
      "numerator_engine": "darkofit",
      "paired_coordinates": 39
    },
    {
      "contrast": "D/C",
      "datasets": 13,
      "denominator_engine": "catboost",
      "head_to_head": {
        "coordinate_quality": {
          "losses": 36,
          "ties": 0,
          "win_rate_excluding_ties": 0.07692307692307693,
          "win_share_with_half_ties": 0.07692307692307693,
          "wins": 3
        },
        "descriptive_only": true,
        "equal_dataset_quality": {
          "losses": 12,
          "ties": 0,
          "win_rate_excluding_ties": 0.07692307692307693,
          "win_share_with_half_ties": 0.07692307692307693,
          "wins": 1
        }
      },
      "metrics": {
        "incremental_memory_bytes": {
          "available": true,
          "bootstrap_ratio": {
            "draws": 10000,
            "median": 0.3687618607699555,
            "p025": 0.35160348259780616,
            "p975": 0.3871324567694771
          },
          "pct": -63.10615533955909,
          "ratio": 0.3689384466044091
        },
        "infer_time_s": {
          "available": true,
          "bootstrap_ratio": {
            "draws": 10000,
            "median": 1.271105917837575,
            "p025": 1.216150112825609,
            "p975": 1.324914374833404
          },
          "pct": 27.059429582639694,
          "ratio": 1.270594295826397
        },
        "peak_memory_bytes": {
          "available": true,
          "bootstrap_ratio": {
            "draws": 10000,
            "median": 0.7068893689574767,
            "p025": 0.6970665183219684,
            "p975": 0.7183744306455613
          },
          "pct": -29.293815136590396,
          "ratio": 0.707061848634096
        },
        "test_rmse": {
          "available": true,
          "bootstrap_ratio": {
            "draws": 10000,
            "median": 1.0537504210749769,
            "p025": 1.0511303408946886,
            "p975": 1.0568784068168926
          },
          "pct": 5.383430147809309,
          "ratio": 1.053834301478093
        },
        "train_time_s": {
          "available": true,
          "bootstrap_ratio": {
            "draws": 10000,
            "median": 0.09135380510110531,
            "p025": 0.08579622764516859,
            "p975": 0.09682030975147264
          },
          "pct": -90.86732774616686,
          "ratio": 0.09132672253833134
        },
        "val_rmse": {
          "available": true,
          "bootstrap_ratio": {
            "draws": 10000,
            "median": 1.0557301121688198,
            "p025": 1.0527610350408363,
            "p975": 1.0585853096959783
          },
          "pct": 5.573902566718347,
          "ratio": 1.0557390256671835
        }
      },
      "numerator_engine": "darkofit",
      "paired_coordinates": 39
    },
    {
      "contrast": "M/C",
      "datasets": 13,
      "denominator_engine": "catboost",
      "head_to_head": {
        "coordinate_quality": {
          "losses": 30,
          "ties": 0,
          "win_rate_excluding_ties": 0.23076923076923078,
          "win_share_with_half_ties": 0.23076923076923078,
          "wins": 9
        },
        "descriptive_only": true,
        "equal_dataset_quality": {
          "losses": 11,
          "ties": 0,
          "win_rate_excluding_ties": 0.15384615384615385,
          "win_share_with_half_ties": 0.15384615384615385,
          "wins": 2
        }
      },
      "metrics": {
        "incremental_memory_bytes": {
          "available": true,
          "bootstrap_ratio": {
            "draws": 10000,
            "median": 0.43779779682842357,
            "p025": 0.42359358840666295,
            "p975": 0.45331327305772173
          },
          "pct": -56.207019212285545,
          "ratio": 0.43792980787714453
        },
        "infer_time_s": {
          "available": true,
          "bootstrap_ratio": {
            "draws": 10000,
            "median": 0.9656899897795288,
            "p025": 0.9285114721820306,
            "p975": 1.0001197167590505
          },
          "pct": -3.4936195908157885,
          "ratio": 0.9650638040918421
        },
        "peak_memory_bytes": {
          "available": true,
          "bootstrap_ratio": {
            "draws": 10000,
            "median": 0.7346410137001691,
            "p025": 0.7289625479532154,
            "p975": 0.7397980869620722
          },
          "pct": -26.55158196635532,
          "ratio": 0.7344841803364468
        },
        "test_rmse": {
          "available": true,
          "bootstrap_ratio": {
            "draws": 10000,
            "median": 1.0357758839786604,
            "p025": 1.0330427118556778,
            "p975": 1.0386931540442963
          },
          "pct": 3.5777560248243745,
          "ratio": 1.0357775602482437
        },
        "train_time_s": {
          "available": true,
          "bootstrap_ratio": {
            "draws": 10000,
            "median": 0.11238095527642698,
            "p025": 0.10708167440410238,
            "p975": 0.11769405274951462
          },